kvalue,cat/real,MAE
2,0.1,1.148491594
2,0.1,1.023095371
2,0.1,1.149532966
2,0.1,1.149793313
2,0.1,1.127739574
2,0.25,1.144327215
2,0.1,1.144327215
2,0.1,1.1498584
2,0.25,1.149532966
2,0.25,1.1498584
2,1,1.149532966
2,2,1.023095371
2,0.25,1.023095371
2,1,1.144327215
2,0.5,1.127739574
2,0.5,1.1498584
2,0.25,1.127739574
2,0.25,1.148491594
2,0.5,1.149793313
2,1,1.127739574
2,0.5,1.148491594
2,0.5,1.149532966
2,0.5,1.023095371
2,1,1.149793313
2,0.25,1.149793313
2,0.5,1.144327215
2,2,1.127739574
2,1,1.023095371
2,2,1.144327215
2,2,1.148491594
2,1,1.148491594
2,1,1.1498584
2,10,1.127739574
2,2,1.149532966
2,4,1.023095371
2,2,1.149793313
2,2,1.1498584
2,4,1.144327215
2,4,1.149793313
2,4,1.1498584
2,4,1.148491594
2,4,1.127739574
2,10,1.023095371
2,4,1.149532966
2,10,1.149793313
2,10,1.1498584
2,10,1.148491594
3,0.1,1.340509501
3,0.25,1.221387045
3,0.1,1.335861472
2,10,1.144327215
3,0.25,1.335861472
3,0.25,1.339368234
2,10,1.149532966
3,0.1,1.321470279
3,0.1,1.221387045
3,0.1,1.340238205
3,0.1,1.339368234
3,0.1,1.340455264
3,0.25,1.340455264
3,0.25,1.321470279
3,0.25,1.340238205
3,0.5,1.221387045
3,0.25,1.340509501
3,0.5,1.321470279
3,0.5,1.335861472
3,1,1.335861472
3,0.5,1.339368234
3,0.5,1.340238205
3,0.5,1.340455264
3,0.5,1.340509501
3,1,1.221387045
3,2,1.221387045
3,1,1.321470279
3,1,1.340455264
3,1,1.340509501
3,2,1.321470279
3,1,1.339368234
3,1,1.340238205
3,2,1.340455264
3,2,1.339368234
3,2,1.340509501
3,4,1.339368234
3,4,1.321470279
3,2,1.340238205
3,2,1.335861472
3,4,1.221387045
3,4,1.335861472
3,4,1.340509501
3,10,1.335861472
3,4,1.340238205
3,4,1.340455264
3,10,1.321470279
3,10,1.339368234
3,10,1.221387045
3,10,1.340238205
3,10,1.340455264
3,10,1.340509501
4,0.1,1.350133806
4,0.1,1.454956302
4,0.1,1.46995566
4,0.1,1.474801306
4,0.1,1.473611849
4,0.25,1.350152218
4,0.1,1.474744785
4,0.1,1.47451858
4,0.25,1.454961029
4,0.25,1.469956909
4,0.5,1.469956909
4,0.25,1.473612166
4,0.5,1.474801311
4,0.25,1.474518659
4,0.25,1.474744805
4,0.5,1.454961029
4,0.5,1.474744805
4,0.5,1.474518659
4,0.5,1.350152218
4,1,1.350152218
4,0.5,1.473612166
4,0.25,1.474801311
4,1,1.454961029
4,1,1.474518659
4,1,1.473612166
4,1,1.474744805
4,1,1.469956909
4,2,1.350152218
4,1,1.474801311
4,2,1.454961029
4,2,1.469956909
4,2,1.473612166
4,2,1.474518659
4,2,1.474744805
4,4,1.350152218
4,4,1.454961029
4,4,1.469956909
4,4,1.473612166
4,4,1.474744805
4,2,1.474801311
4,4,1.474518659
4,4,1.474801311
4,10,1.474744805
4,10,1.473612166
4,10,1.474518659
4,10,1.350152218
4,10,1.474801311
4,10,1.454961029
5,0.1,1.384345121
5,0.1,1.48423075
4,10,1.469956909
5,0.1,1.500183922
5,0.1,1.50418526
5,0.1,1.505183229
5,0.1,1.50549482
5,0.25,1.495653015
5,0.1,1.505432513
5,0.25,1.384439521
5,0.25,1.480473745
5,0.25,1.499455733
5,0.25,1.500403745
5,0.25,1.500640521
5,0.25,1.5006997
5,0.5,1.384439521
5,0.5,1.480473745
5,0.5,1.495653015
5,0.5,1.499455733
5,0.5,1.500403745
5,0.5,1.500640521
5,0.5,1.5006997
5,1,1.495653015
5,1,1.384439521
5,1,1.480473745
5,1,1.500403745
5,1,1.499455733
5,2,1.500640521
5,2,1.500403745
5,2,1.384439521
5,2,1.480473745
5,4,1.384439521
5,2,1.5006997
5,1,1.500640521
5,4,1.499455733
5,4,1.495653015
5,10,1.384439521
5,2,1.499455733
5,1,1.5006997
5,4,1.500640521
5,4,1.500403745
5,10,1.480473745
5,4,1.480473745
5,2,1.495653015
5,4,1.5006997
5,10,1.495653015
5,10,1.499455733
5,10,1.500403745
5,10,1.500640521
5,10,1.5006997
6,0.1,1.399328921
6,0.1,1.486534797
6,0.1,1.499536002
6,0.1,1.503349002
6,0.1,1.502599908
6,0.1,1.503581638
6,0.1,1.503535167
6,0.25,1.491020334
6,0.25,1.508492469
6,0.25,1.401839543
6,0.25,1.50512702
6,0.25,1.509318446
6,0.5,1.401839543
6,0.25,1.509523925
6,0.5,1.509523925
6,0.5,1.508492469
6,0.25,1.50957523
6,0.5,1.491020334
6,0.5,1.50957523
6,0.5,1.50512702
6,1,1.401839543
6,0.5,1.509318446
6,1,1.491020334
6,1,1.50512702
6,1,1.509318446
6,1,1.508492469
6,1,1.509523925
6,1,1.50957523
6,2,1.401839543
6,2,1.491020334
6,2,1.508492469
6,2,1.50512702
6,2,1.509318446
6,2,1.509523925
6,2,1.50957523
6,4,1.401839543
6,4,1.491020334
6,4,1.50512702
6,4,1.509318446
6,10,1.50512702
6,4,1.508492469
6,4,1.509523925
6,4,1.50957523
6,10,1.401839543
6,10,1.509318446
6,10,1.491020334
6,10,1.509523925
6,10,1.508492469
7,0.1,1.508696892
7,0.1,1.491567395
7,0.1,1.509498196
7,0.1,1.405185393
7,0.1,1.509697342
7,0.1,1.509747054
6,10,1.50957523
7,0.25,1.497924713
7,0.1,1.505420254
7,0.25,1.407540974
7,0.25,1.51216841
7,0.25,1.51552243
7,0.25,1.516343297
7,0.25,1.516547361
7,0.25,1.516598305
7,0.5,1.407540974
7,0.5,1.497924713
7,0.5,1.51216841
7,0.5,1.51552243
7,0.5,1.516343297
7,0.5,1.516547361
7,0.5,1.516598305
7,1,1.407540974
7,1,1.51552243
7,1,1.497924713
7,2,1.51552243
7,1,1.516343297
7,1,1.51216841
7,1,1.516598305
7,1,1.516547361
7,2,1.516343297
7,2,1.407540974
7,2,1.51216841
7,2,1.497924713
7,2,1.516598305
7,4,1.51216841
7,4,1.497924713
7,4,1.407540974
7,4,1.516547361
7,4,1.516343297
7,4,1.51552243
7,2,1.516547361
7,10,1.407540974
7,4,1.516598305
7,10,1.497924713
7,10,1.51216841
7,10,1.516343297
7,10,1.51552243
7,10,1.516547361
8,0.1,1.44152469
7,10,1.516598305
8,0.1,1.525020598
8,0.1,1.536466698
8,0.1,1.539040193
8,0.1,1.539662544
8,0.1,1.539855286
8,0.1,1.539816804
8,0.25,1.549355065
8,0.25,1.535496251
8,0.25,1.443557096
8,0.25,1.552603177
8,0.25,1.553394953
8,0.25,1.553591629
8,0.25,1.553640718
8,0.5,1.5368455
8,0.5,1.554648326
8,0.5,1.443495415
8,0.5,1.555738202
8,1,1.443495415
8,0.5,1.551245666
8,1,1.5368455
8,0.5,1.555686603
8,0.5,1.555479905
8,1,1.554648326
8,1,1.551245666
8,1,1.555479905
8,1,1.555686603
8,1,1.555738202
8,2,1.443495415
8,2,1.551245666
8,2,1.5368455
8,2,1.554648326
8,2,1.555479905
8,2,1.555686603
8,2,1.555738202
8,4,1.5368455
8,4,1.443495415
8,10,1.551245666
8,4,1.551245666
8,4,1.554648326
8,4,1.555479905
8,4,1.555686603
8,10,1.5368455
8,4,1.555738202
8,10,1.443495415
8,10,1.555479905
8,10,1.555738202
8,10,1.554648326
8,10,1.555686603
9,0.1,1.560123967
9,0.1,1.564092723
9,0.25,1.464815395
9,0.1,1.547493849
9,0.1,1.564284677
9,0.1,1.462488189
9,0.1,1.563318618
9,0.1,1.564332567
9,0.25,1.557823378
9,0.25,1.572621688
9,0.25,1.576434185
9,0.25,1.577363567
9,0.5,1.46475809
9,0.25,1.577594391
9,0.25,1.577652001
9,0.5,1.560135085
9,0.5,1.575774516
9,0.5,1.579819052
9,0.5,1.580807629
9,0.5,1.581114656
9,0.5,1.581053323
9,1,1.46475809
9,1,1.575774516
9,1,1.560135085
9,1,1.581053323
9,1,1.579819052
9,1,1.581114656
9,1,1.580807629
9,2,1.46475809
9,2,1.575774516
9,2,1.560135085
9,2,1.579819052
9,2,1.580807629
9,2,1.581053323
9,2,1.581114656
9,4,1.579819052
9,4,1.560135085
9,4,1.46475809
9,4,1.575774516
9,4,1.581053323
9,4,1.580807629
9,4,1.581114656
9,10,1.46475809
9,10,1.575774516
9,10,1.560135085
9,10,1.579819052
9,10,1.580807629
9,10,1.581114656
9,10,1.581053323
10,0.1,1.545539305
10,0.1,1.463179519
10,0.1,1.556712745
10,0.1,1.559165951
10,0.1,1.559756976
10,0.1,1.559903364
10,0.1,1.559939875
10,0.25,1.572367858
10,0.25,1.555326038
10,0.25,1.569228761
10,0.25,1.464081473
10,0.25,1.573129467
10,0.25,1.573318433
10,0.25,1.573365585
10,0.5,1.571642316
10,0.5,1.557105239
10,0.5,1.464097161
10,0.5,1.574949352
10,0.5,1.575753243
10,0.5,1.576002593
10,1,1.557105239
10,0.5,1.575952794
10,1,1.464097161
10,1,1.571642316
10,1,1.574949352
10,1,1.575753243
10,1,1.575952794
10,1,1.576002593
10,2,1.464097161
10,2,1.557105239
10,2,1.571642316
10,2,1.574949352
10,2,1.575952794
10,2,1.575753243
10,2,1.576002593
10,4,1.464097161
10,4,1.557105239
10,4,1.571642316
10,4,1.575753243
10,4,1.575952794
10,4,1.574949352
10,4,1.576002593
10,10,1.571642316
10,10,1.557105239
10,10,1.464097161
10,10,1.575753243
10,10,1.574949352
10,10,1.575952794
11,0.1,1.476659143
10,10,1.576002593
11,0.1,1.55870406
11,0.1,1.569726849
11,0.1,1.572730858
11,0.1,1.572875411
11,0.1,1.572147359
11,0.1,1.572911468
11,0.25,1.479182961
11,0.25,1.571957889
11,0.25,1.585385905
11,0.25,1.588330476
11,0.25,1.589039884
11,0.25,1.589215605
11,0.25,1.589259435
11,0.5,1.4792269
11,0.5,1.575115863
11,0.5,1.589901218
11,0.5,1.593218282
11,0.5,1.594221849
11,0.5,1.59402237
11,0.5,1.594271623
11,1,1.4792269
11,1,1.575115863
11,1,1.589901218
11,1,1.59402237
11,1,1.594221849
11,1,1.593218282
11,1,1.594271623
11,2,1.4792269
11,2,1.59402237
11,2,1.575115863
11,2,1.594221849
11,2,1.589901218
11,2,1.593218282
11,4,1.4792269
11,2,1.594271623
11,4,1.575115863
11,4,1.593218282
11,4,1.589901218
11,4,1.59402237
11,4,1.594221849
11,10,1.4792269
11,4,1.594271623
11,10,1.575115863
11,10,1.589901218
11,10,1.593218282
11,10,1.59402237
11,10,1.594221849
12,0.1,1.56624263
12,0.1,1.484727811
11,10,1.594271623
12,0.1,1.577478516
12,0.1,1.579944405
12,0.1,1.580539072
12,0.1,1.580686414
12,0.25,1.577301815
12,0.25,1.48730091
12,0.25,1.589762544
12,0.25,1.592769571
12,0.1,1.580723168
12,0.25,1.593665972
12,0.25,1.593710266
12,0.5,1.581469582
12,0.5,1.487373314
12,0.25,1.593488297
12,0.5,1.595575874
12,0.5,1.600051715
12,0.5,1.599018355
12,0.5,1.599846625
12,1,1.487373314
12,0.5,1.600102865
12,1,1.595575874
12,1,1.581469582
12,1,1.599018355
12,1,1.600051715
12,1,1.599846625
12,1,1.600102865
12,2,1.487373314
12,2,1.581469582
12,2,1.595575874
12,2,1.599018355
12,2,1.599846625
12,2,1.600051715
12,2,1.600102865
12,4,1.487373314
12,4,1.581469582
12,4,1.595575874
12,4,1.599018355
12,4,1.599846625
12,4,1.600051715
12,4,1.600102865
12,10,1.487373314
12,10,1.599018355
12,10,1.581469582
12,10,1.599846625
12,10,1.595575874
12,10,1.600051715
12,10,1.600102865
13,0.1,1.574840031
13,0.1,1.565278518
13,0.1,1.576777238
13,0.1,1.485205628
13,0.1,1.577234245
13,0.1,1.577346854
13,0.1,1.577374905
13,0.25,1.486557648
13,0.25,1.575851362
13,0.25,1.587521466
13,0.25,1.589912099
13,0.25,1.590479383
13,0.5,1.486678482
13,0.25,1.59061941
13,0.25,1.590654306
13,0.5,1.581522069
13,0.5,1.595659705
13,0.5,1.598723332
13,0.5,1.599461245
13,0.5,1.599644059
13,0.5,1.59968966
13,1,1.486678482
13,1,1.581522069
13,1,1.595659705
13,1,1.599461245
13,1,1.599644059
13,1,1.598723332
13,1,1.59968966
13,2,1.486678482
13,2,1.595659705
13,2,1.598723332
13,2,1.581522069
13,2,1.599644059
13,2,1.59968966
13,2,1.599461245
13,4,1.486678482
13,4,1.581522069
13,4,1.598723332
13,4,1.595659705
13,4,1.599461245
13,4,1.599644059
13,4,1.59968966
13,10,1.486678482
13,10,1.581522069
13,10,1.595659705
13,10,1.598723332
13,10,1.599461245
13,10,1.599644059
13,10,1.59968966
14,0.1,1.487334829
14,0.1,1.567648674
14,0.1,1.577113513
14,0.1,1.579172049
14,0.1,1.579661031
14,0.1,1.579781751
14,0.1,1.579811836
14,0.25,1.490159466
14,0.25,1.581091672
14,0.25,1.593196101
14,0.25,1.5957819
14,0.25,1.59640336
14,0.25,1.596557257
14,0.5,1.490275511
14,0.25,1.596595641
14,0.5,1.587030803
14,0.5,1.601936886
14,0.5,1.605287305
14,0.5,1.606102297
14,0.5,1.606304697
14,1,1.490275511
14,0.5,1.606355214
14,1,1.587030803
14,1,1.601936886
14,1,1.605287305
14,1,1.606102297
14,1,1.606355214
14,1,1.606304697
14,2,1.490275511
14,2,1.601936886
14,2,1.587030803
14,2,1.605287305
14,2,1.606102297
14,2,1.606355214
14,2,1.606304697
14,4,1.490275511
14,4,1.587030803
14,4,1.601936886
14,4,1.605287305
14,4,1.606102297
14,4,1.606355214
14,10,1.490275511
14,4,1.606304697
14,10,1.587030803
14,10,1.605287305
14,10,1.601936886
14,10,1.606102297
14,10,1.606304697
15,0.1,1.496124655
14,10,1.606355214
15,0.1,1.576591095
15,0.1,1.586256775
15,0.1,1.588198742
15,0.1,1.588658038
15,0.1,1.588771325
15,0.1,1.588799552
15,0.25,1.495858923
15,0.25,1.58719487
15,0.25,1.599408538
15,0.25,1.602034981
15,0.25,1.602668443
15,0.25,1.602825471
15,0.25,1.602864647
15,0.5,1.495959379
15,0.5,1.59422697
15,0.5,1.613686867
15,0.5,1.610060322
15,0.5,1.61457402
15,0.5,1.61479466
15,0.5,1.614849749
15,1,1.495959379
15,1,1.59422697
15,1,1.610060322
15,1,1.613686867
15,1,1.61457402
15,1,1.61479466
15,2,1.495959379
15,1,1.614849749
15,2,1.59422697
15,2,1.610060322
15,2,1.613686867
15,2,1.61479466
15,2,1.614849749
15,2,1.61457402
15,4,1.495959379
15,4,1.59422697
15,4,1.610060322
15,4,1.613686867
15,4,1.61457402
15,4,1.61479466
15,4,1.614849749
15,10,1.495959379
15,10,1.59422697
15,10,1.613686867
15,10,1.610060322
15,10,1.61457402
15,10,1.614849749
16,0.1,1.511493851
15,10,1.61479466
16,0.1,1.594786195
16,0.1,1.60409722
16,0.1,1.605972559
16,0.1,1.60641812
16,0.1,1.606528178
16,0.1,1.606555611
16,0.25,1.512541641
16,0.25,1.609160118
16,0.25,1.622789684
16,0.25,1.625817707
16,0.25,1.626554578
16,0.25,1.626737641
16,0.25,1.626783336
16,0.5,1.512632125
16,0.5,1.615202519
16,0.5,1.635203162
16,0.5,1.631533829
16,0.5,1.636095544
16,0.5,1.636317149
16,0.5,1.636372459
16,1,1.512632125
16,1,1.615202519
16,1,1.631533829
16,1,1.635203162
16,1,1.636095544
16,1,1.636317149
16,1,1.636372459
16,2,1.512632125
16,2,1.631533829
16,2,1.635203162
16,2,1.636317149
16,2,1.615202519
16,2,1.636095544
16,2,1.636372459
16,4,1.512632125
16,4,1.615202519
16,4,1.631533829
16,4,1.635203162
16,4,1.636095544
16,4,1.636317149
16,4,1.636372459
16,10,1.512632125
16,10,1.615202519
16,10,1.631533829
16,10,1.635203162
16,10,1.636095544
16,10,1.636317149
17,0.1,1.518870897
16,10,1.636372459
17,0.1,1.601449451
17,0.1,1.610238174
17,0.1,1.611957944
17,0.1,1.612364563
17,0.1,1.612464903
17,0.25,1.521745085
17,0.1,1.612489909
17,0.25,1.619613848
17,0.25,1.632992618
17,0.25,1.635946264
17,0.25,1.636664469
17,0.25,1.636842874
17,0.5,1.521850856
17,0.5,1.625949766
17,0.25,1.636887405
17,0.5,1.641993162
17,0.5,1.646355839
17,0.5,1.645508369
17,0.5,1.646565809
17,0.5,1.646618185
17,1,1.521850856
17,1,1.625949766
17,1,1.641993162
17,1,1.645508369
17,1,1.646355839
17,1,1.646565809
17,1,1.646618185
17,2,1.521850856
17,2,1.625949766
17,2,1.641993162
17,2,1.645508369
17,2,1.646355839
17,2,1.646565809
17,2,1.646618185
17,4,1.521850856
17,4,1.625949766
17,4,1.641993162
17,4,1.646355839
17,4,1.645508369
17,4,1.646618185
17,4,1.646565809
17,10,1.625949766
17,10,1.521850856
17,10,1.641993162
17,10,1.645508369
18,0.1,1.525982641
17,10,1.646355839
17,10,1.646618185
17,10,1.646565809
18,0.1,1.620749048
18,0.1,1.61135763
18,0.1,1.622635667
18,0.1,1.623086214
18,0.1,1.623197688
18,0.25,1.527638395
18,0.1,1.623225486
18,0.25,1.626889625
18,0.25,1.640357603
18,0.25,1.643426774
18,0.25,1.644171414
18,0.25,1.644356286
18,0.25,1.644402426
18,0.5,1.52779446
18,0.5,1.635146115
18,0.5,1.652699041
18,0.5,1.656807384
18,0.5,1.65780861
18,0.5,1.65805737
18,0.5,1.658119465
18,1,1.52779446
18,1,1.635146115
18,1,1.652699041
18,1,1.656807384
18,1,1.65780861
18,1,1.65805737
18,1,1.658119465
18,2,1.635146115
18,2,1.52779446
18,2,1.652699041
18,2,1.656807384
18,2,1.65805737
18,2,1.65780861
18,2,1.658119465
18,4,1.52779446
18,4,1.635146115
18,4,1.652699041
18,4,1.656807384
18,4,1.65805737
18,4,1.65780861
18,4,1.658119465
18,10,1.52779446
18,10,1.635146115
18,10,1.652699041
18,10,1.656807384
18,10,1.65780861
18,10,1.65805737
18,10,1.658119465
19,0.1,1.615912535
19,0.1,1.529449501
19,0.1,1.626819381
19,0.1,1.629175366
19,0.1,1.629748371
19,0.1,1.629890764
19,0.1,1.62992631
19,0.25,1.529449644
19,0.25,1.641611717
19,0.25,1.628521204
19,0.25,1.644682014
19,0.25,1.645458431
19,0.25,1.645650965
19,0.25,1.645699003
19,0.5,1.529687723
19,0.5,1.656438332
19,0.5,1.638283935
19,0.5,1.660882436
19,0.5,1.662003806
19,0.5,1.662282578
19,0.5,1.662352173
19,1,1.529687723
19,1,1.638283935
19,1,1.656438332
19,1,1.660882436
19,1,1.662003806
19,1,1.662282578
19,1,1.662352173
19,2,1.529687723
19,2,1.638283935
19,2,1.656438332
19,2,1.660882436
19,2,1.662003806
19,2,1.662282578
19,2,1.662352173
19,4,1.529687723
19,4,1.638283935
19,4,1.656438332
19,4,1.660882436
19,4,1.662003806
19,4,1.662352173
19,4,1.662282578
19,10,1.529687723
19,10,1.638283935
19,10,1.656438332
19,10,1.660882436
19,10,1.662003806
19,10,1.662282578
19,10,1.662352173
20,0.1,1.536970037
20,0.1,1.626767793
20,0.1,1.637858623
20,0.1,1.640237798
20,0.1,1.640815805
20,0.1,1.640959405
20,0.1,1.64099525
20,0.25,1.53467647
20,0.25,1.63492327
20,0.25,1.648674522
20,0.25,1.651670051
20,0.25,1.652397222
20,0.25,1.652577801
20,0.25,1.652622872
20,0.5,1.534918259
20,0.5,1.645066644
20,0.5,1.668591755
20,0.5,1.663822922
20,0.5,1.669757584
20,0.5,1.670119775
20,0.5,1.670047418
20,1,1.534918253
20,1,1.645337244
20,1,1.664685924
20,1,1.669699518
20,1,1.670933351
20,1,1.671317352
20,1,1.671240611
20,2,1.534918253
20,2,1.645337244
20,2,1.664685924
20,2,1.669699518
20,2,1.670933351
20,2,1.671240611
20,2,1.671317352
20,4,1.534918253
20,4,1.664685924
20,4,1.645337244
20,4,1.669699518
20,4,1.670933351
20,4,1.671240611
20,4,1.671317352
20,10,1.534918253
20,10,1.664685924
20,10,1.645337244
20,10,1.669699518
20,10,1.670933351
20,10,1.671240611
20,10,1.671317352
21,0.1,1.539267887
21,0.1,1.627977125
21,0.1,1.638737991
21,0.1,1.641032397
21,0.1,1.64158833
21,0.1,1.641726365
21,0.1,1.641760817
21,0.25,1.537587442
21,0.25,1.637178067
21,0.25,1.651149673
21,0.25,1.654412159
21,0.25,1.655210995
21,0.25,1.655409539
21,0.25,1.655459104
21,0.5,1.537875324
21,0.5,1.648410745
21,0.5,1.668243767
21,0.5,1.673260251
21,0.5,1.674483597
21,0.5,1.674863384
21,0.5,1.674787522
21,1,1.537875322
21,1,1.648544085
21,1,1.668660405
21,1,1.673789756
21,1,1.675044028
21,1,1.675355848
21,1,1.675433693
21,2,1.537875322
21,2,1.648544085
21,2,1.668660405
21,2,1.673789756
21,2,1.675044028
21,2,1.675355848
21,2,1.675433693
21,4,1.648544085
21,4,1.537875322
21,4,1.668660405
21,4,1.673789756
21,4,1.675044028
21,4,1.675433693
21,4,1.675355848
21,10,1.537875322
21,10,1.648544085
21,10,1.668660405
21,10,1.673789756
21,10,1.675044028
21,10,1.675355848
21,10,1.675433693
22,0.1,1.547229807
22,0.1,1.637009233
22,0.1,1.650727985
22,0.1,1.64795087
22,0.1,1.651401342
22,0.1,1.651568526
22,0.1,1.651610253
22,0.25,1.547403616
22,0.25,1.654011233
22,0.25,1.669417724
22,0.25,1.672778393
22,0.25,1.673591931
22,0.25,1.673793768
22,0.25,1.673844132
22,0.5,1.547659607
22,0.5,1.664576462
22,0.5,1.686012854
22,0.5,1.691401706
22,0.5,1.692718379
22,0.5,1.693045647
22,0.5,1.693127345
22,1,1.547659608
22,1,1.665005321
22,1,1.68742677
22,1,1.693216082
22,1,1.694642878
22,1,1.694998281
22,2,1.665005321
22,1,1.695087051
22,2,1.68742677
22,2,1.547659608
22,2,1.693216082
22,2,1.694642878
22,2,1.694998281
22,2,1.695087051
22,4,1.547659608
22,4,1.665005321
22,4,1.68742677
22,4,1.693216082
22,4,1.694642878
22,4,1.694998281
22,4,1.695087051
22,10,1.547659608
22,10,1.665005321
22,10,1.68742677
22,10,1.693216082
22,10,1.694642878
22,10,1.694998281
22,10,1.695087051
23,0.1,1.556330902
23,0.1,1.650370635
23,0.1,1.662669742
23,0.1,1.665846494
23,0.1,1.666619289
23,0.1,1.666811296
23,0.1,1.666859225
23,0.25,1.557089145
23,0.25,1.668386899
23,0.25,1.684067148
23,0.25,1.688774392
23,0.25,1.687839758
23,0.5,1.557385438
23,0.25,1.68906423
23,0.25,1.689006346
23,0.5,1.679486764
23,0.5,1.701950461
23,0.5,1.707510666
23,0.5,1.709199083
23,0.5,1.708863271
23,0.5,1.70928289
23,1,1.557385436
23,1,1.679884902
23,1,1.709155144
23,1,1.703243042
23,1,1.710603293
23,1,1.710963431
23,1,1.711053346
23,2,1.557385436
23,2,1.679884902
23,2,1.703243042
23,2,1.709155144
23,2,1.710603293
23,2,1.711053346
23,2,1.710963431
23,4,1.557385436
23,4,1.679884902
23,4,1.703243042
23,4,1.709155144
23,4,1.710603293
23,4,1.710963431
23,10,1.557385436
23,10,1.679884902
23,4,1.711053346
23,10,1.703243042
23,10,1.710603293
23,10,1.709155144
23,10,1.710963431
23,10,1.711053346
24,0.1,1.558622098
24,0.1,1.654241015
24,0.1,1.667652545
24,0.1,1.671052411
24,0.1,1.671885749
24,0.1,1.672093197
24,0.25,1.673858986
24,0.1,1.672145005
24,0.25,1.561518335
24,0.25,1.689812196
24,0.25,1.6937645
24,0.25,1.694725751
24,0.25,1.694964513
24,0.25,1.695024108
24,0.5,1.561819393
24,0.5,1.684804538
24,0.5,1.713037865
24,0.5,1.707489647
24,0.5,1.714383356
24,0.5,1.714717116
24,0.5,1.714800393
24,1,1.561819394
24,1,1.685193407
24,1,1.70879965
24,1,1.714707
24,1,1.716149155
24,1,1.716507463
24,1,1.716596899
24,2,1.561819394
24,2,1.685193407
24,2,1.714707
24,2,1.70879965
24,2,1.716149155
24,2,1.716507463
24,4,1.561819394
24,2,1.716596899
24,4,1.685193407
24,4,1.70879965
24,4,1.716149155
24,4,1.714707
24,4,1.716507463
24,4,1.716596899
24,10,1.561819394
24,10,1.685193407
24,10,1.70879965
24,10,1.714707
24,10,1.716149155
24,10,1.716507463
25,0.1,1.565662408
24,10,1.716596899
25,0.1,1.663870648
25,0.1,1.678174142
25,0.1,1.681715284
25,0.1,1.682587788
25,0.1,1.682805262
25,0.1,1.682859591
25,0.25,1.685535255
25,0.25,1.702427826
25,0.25,1.569485952
25,0.25,1.706779672
25,0.25,1.708179344
25,0.25,1.707847475
25,0.25,1.708113039
25,0.5,1.569736145
25,0.5,1.695852299
25,0.5,1.71836609
25,0.5,1.723678848
25,0.5,1.724952151
25,0.5,1.725267043
25,0.5,1.725345552
25,1,1.569736149
25,1,1.696343197
25,1,1.719995675
25,1,1.725734415
25,1,1.727120395
25,1,1.727463762
25,1,1.727549407
25,2,1.569736149
25,2,1.696343197
25,2,1.719995675
25,2,1.727120395
25,2,1.725734415
25,2,1.727463762
25,2,1.727549407
25,4,1.569736149
25,4,1.696343197
25,4,1.719995675
25,4,1.725734415
25,4,1.727120395
25,4,1.727463762
25,4,1.727549407
25,10,1.569736149
25,10,1.696343197
25,10,1.719995675
25,10,1.725734415
25,10,1.727120395
25,10,1.727463762
25,10,1.727549407
26,0.1,1.56381713
26,0.1,1.662184282
26,0.1,1.67666179
26,0.1,1.680181519
26,0.1,1.681045209
26,0.1,1.68131396
26,0.1,1.681260252
26,0.25,1.568286894
26,0.25,1.683673799
26,0.25,1.700085312
26,0.25,1.704104321
26,0.25,1.705081491
26,0.25,1.70532416
26,0.25,1.705384727
26,0.5,1.715569186
26,0.5,1.568481623
26,0.5,1.693793881
26,0.5,1.720665132
26,0.5,1.72218372
26,0.5,1.721882811
26,0.5,1.722258728
26,1,1.568481627
26,1,1.694529674
26,1,1.718076106
26,1,1.723840772
26,1,1.725235677
26,1,1.725581396
26,2,1.568481627
26,1,1.725667636
26,2,1.694529674
26,2,1.718076106
26,2,1.723840772
26,2,1.725235677
26,2,1.725581396
26,4,1.568481627
26,2,1.725667636
26,4,1.694529674
26,4,1.718076106
26,4,1.725235677
26,4,1.723840772
26,4,1.725581396
26,4,1.725667636
26,10,1.568481627
26,10,1.694529674
26,10,1.718076106
26,10,1.723840772
26,10,1.725581396
26,10,1.725667636
26,10,1.725235677
27,0.1,1.668500695
27,0.1,1.567169359
27,0.1,1.683781707
27,0.1,1.687481358
27,0.1,1.688391315
27,0.1,1.688617998
27,0.25,1.57073624
27,0.1,1.68867462
27,0.25,1.686574997
27,0.25,1.702992846
27,0.25,1.70695567
27,0.25,1.707915912
27,0.25,1.708213607
27,0.25,1.708154158
27,0.5,1.570971941
27,0.5,1.71934039
27,0.5,1.697035555
27,0.5,1.724463995
27,0.5,1.725684348
27,0.5,1.725985685
27,0.5,1.726060785
27,1,1.570971943
27,1,1.697883377
27,1,1.722426303
27,1,1.728417919
27,1,1.7298695
27,1,1.730229369
27,1,1.730319146
27,2,1.570971943
27,2,1.697883377
27,2,1.722426303
27,2,1.728417919
27,2,1.7298695
27,2,1.730229369
27,2,1.730319146
27,4,1.570971943
27,4,1.697883377
27,4,1.722426303
27,4,1.7298695
27,4,1.728417919
27,4,1.730229369
27,4,1.730319146
27,10,1.697883377
27,10,1.722426303
27,10,1.570971943
27,10,1.728417919
27,10,1.730229369
27,10,1.7298695
27,10,1.730319146
28,0.1,1.571148477
28,0.1,1.672721653
28,0.1,1.687914503
28,0.1,1.691525927
28,0.1,1.692409848
28,0.1,1.692629766
28,0.1,1.692684681
28,0.25,1.574769325
28,0.25,1.690898592
28,0.25,1.70658482
28,0.25,1.710219655
28,0.25,1.711087818
28,0.25,1.711302433
28,0.25,1.711355937
28,0.5,1.575044069
28,0.5,1.702754408
28,0.5,1.72515218
28,0.5,1.730178149
28,0.5,1.731367078
28,0.5,1.731733139
28,0.5,1.731660135
28,1,1.575044074
28,1,1.703865707
28,1,1.729275118
28,1,1.73549008
28,1,1.737371385
28,1,1.736997565
28,2,1.575044074
28,1,1.737464648
28,2,1.703865707
28,2,1.729275118
28,2,1.73549008
28,2,1.736997565
28,2,1.737371385
28,2,1.737464648
28,4,1.575044074
28,4,1.703865707
28,4,1.729275118
28,4,1.73549008
28,4,1.736997565
28,4,1.737371385
28,4,1.737464648
28,10,1.575044074
28,10,1.703865707
28,10,1.73549008
28,10,1.729275118
28,10,1.736997565
28,10,1.737371385
28,10,1.737464648
29,0.1,1.5740768
29,0.1,1.679151545
29,0.1,1.694651404
29,0.1,1.698307227
29,0.1,1.69919979
29,0.1,1.699421709
29,0.1,1.699477114
29,0.25,1.578473952
29,0.25,1.696165485
29,0.25,1.71576807
29,0.25,1.712075641
29,0.25,1.716652268
29,0.25,1.716870986
29,0.25,1.716925521
29,0.5,1.708861247
29,0.5,1.578786924
29,0.5,1.7318513
29,0.5,1.737051345
29,0.5,1.738285981
29,0.5,1.738590616
29,0.5,1.738666525
29,1,1.578786927
29,1,1.709982623
29,1,1.736211047
29,1,1.742706145
29,1,1.744287829
29,1,1.744680434
29,2,1.578786927
29,1,1.744778406
29,2,1.709982623
29,2,1.736211047
29,2,1.742706145
29,2,1.744287829
29,2,1.744680434
29,2,1.744778406
29,4,1.578786927
29,4,1.709982623
29,4,1.736211047
29,4,1.742706145
29,4,1.744287829
29,4,1.744680434
29,10,1.578786927
29,4,1.744778406
29,10,1.709982623
29,10,1.736211047
29,10,1.742706145
29,10,1.744287829
29,10,1.744680434
29,10,1.744778406
68,0.1,1.642600319
68,0.1,1.801528683
68,0.1,1.82763225
68,0.1,1.833367907
68,0.1,1.834747215
68,0.1,1.835088834
68,0.1,1.835174041
68,0.25,1.656122944
68,0.25,1.856184845
68,0.25,1.828659052
68,0.25,1.86251487
68,0.25,1.864227749
68,0.25,1.86465021
68,0.25,1.864755467
68,0.5,1.656842342
68,0.5,1.858836909
68,0.5,1.906023518
68,0.5,1.917592901
68,0.5,1.920584951
68,0.5,1.921323357
68,0.5,1.92150735
68,1,1.656842345
68,1,1.863451491
68,1,1.929069792
68,1,1.94938396
68,1,1.955613729
68,1,1.954380148
68,1,1.955921067
68,2,1.656842345
68,2,1.929069792
68,2,1.863451491
68,2,1.94938396
68,2,1.954380148
68,2,1.955613729
68,2,1.955921067
68,4,1.656842345
68,4,1.863451491
68,4,1.929069792
68,4,1.94938396
68,4,1.954380148
68,4,1.955921067
68,4,1.955613729
68,10,1.656842345
68,10,1.929069792
68,10,1.863451491
68,10,1.94938396
68,10,1.954380148
68,10,1.955613729
68,10,1.955921067
106,0.1,1.660420202
106,0.1,1.838245598
106,0.1,1.874831679
106,0.1,1.884360629
106,0.1,1.886715334
106,0.1,1.887299474
106,0.1,1.887445222
106,0.25,1.657675029
106,0.25,1.82911355
106,0.25,1.873736205
106,0.25,1.863917378
106,0.25,1.876102422
106,0.25,1.876688518
106,0.25,1.876834701
106,0.5,1.65890826
106,0.5,1.873476628
106,0.5,1.938370583
106,0.5,1.956844032
106,0.5,1.961331428
106,0.5,1.962439152
106,0.5,1.962715183
106,1,1.658908279
106,1,1.883843816
106,1,2.02925417
106,1,1.989439689
106,1,2.039259389
106,1,2.041732894
106,1,2.042349332
106,2,1.658908279
106,2,1.883845885
106,2,1.990075387
106,2,2.030896675
106,2,2.041243351
106,2,2.043806607
106,2,2.044445728
106,4,1.883845885
106,4,1.658908279
106,4,1.990075387
106,4,2.030896675
106,4,2.041243351
106,4,2.043806607
106,4,2.044445728
106,10,1.883845885
106,10,1.658908279
106,10,1.990075387
106,10,2.030896675
106,10,2.041243351
106,10,2.044445728
106,10,2.043806607
144,0.1,1.666940676
144,0.1,1.873194761
144,0.1,1.930337375
144,0.1,1.946436265
144,0.1,1.950475048
144,0.1,1.951485292
144,0.1,1.951737738
144,0.25,1.657813135
144,0.25,1.936719667
144,0.25,1.844390405
144,0.25,1.909030947
144,0.25,1.93101758
144,0.25,1.938154042
144,0.25,1.93851282
144,0.5,1.65892117
144,0.5,1.869942156
144,0.5,1.93130743
144,0.5,1.947864489
144,0.5,1.951914951
144,0.5,1.952921179
144,0.5,1.953170962
144,1,1.658921212
144,1,1.88591704
144,1,2.013786549
144,1,2.071123007
144,1,2.07352729
144,1,2.060924253
144,1,2.074126411
144,2,1.658921212
144,2,1.885927475
144,2,2.019338885
144,2,2.084388339
144,2,2.09298196
144,2,2.090874095
144,2,2.089991634
144,4,1.658921212
144,4,1.885927475
144,4,2.019344738
144,4,2.088492558
144,4,2.108070871
144,4,2.099081175
144,10,1.658921212
144,4,2.092303161
144,10,1.885927475
144,10,2.019344738
144,10,2.088501866
144,10,2.112439233
144,10,2.117238864
144,10,2.10524577
182,0.1,1.89647261
182,0.1,1.668472136
182,0.1,1.981287223
182,0.1,2.008225559
182,0.1,2.015188207
182,0.1,2.01695669
182,0.1,2.017431909
182,0.25,1.657847845
182,0.25,1.947335977
182,0.25,1.855136588
182,0.25,1.983632213
182,0.25,1.993635175
182,0.25,1.99648093
182,0.25,1.997193154
182,0.5,1.65892117
182,0.5,1.868469205
182,0.5,1.940050463
182,0.5,1.979491655
182,0.5,1.993739345
182,0.5,1.997567793
182,0.5,1.998531969
182,1,1.658921212
182,1,1.885886397
182,1,2.001364213
182,1,2.025024171
182,1,2.039565187
182,1,2.044268892
182,1,2.045467054
182,2,1.658921212
182,2,1.88591166
182,2,2.016729953
182,2,2.062463611
182,2,2.054721426
182,2,2.053058972
182,2,2.052469802
182,4,1.658921212
182,4,1.88591166
182,4,2.016760893
182,4,2.081382134
182,4,2.088541856
182,4,2.062388377
182,10,1.658921212
182,4,2.055158216
182,10,1.88591166
182,10,2.016760893
182,10,2.081430465
182,10,2.111011289
182,10,2.111401031
182,10,2.070851002
220,0.1,1.668866058
220,0.1,2.043364555
220,0.1,1.915668239
220,0.1,2.096049692
220,0.1,2.109950868
220,0.1,2.113457153
220,0.1,2.114335404
220,0.25,1.862630489
220,0.25,1.657851168
220,0.25,1.99495462
220,0.25,2.064088949
220,0.25,2.083546367
220,0.25,2.088483688
220,0.25,2.089722037
220,0.5,1.65892117
220,0.5,1.867667535
220,0.5,1.960336208
220,0.5,2.044159876
220,0.5,2.072412893
220,0.5,2.079770632
220,0.5,2.081624225
220,1,1.658921212
220,1,1.885881996
220,1,1.996696715
220,1,2.040789643
220,1,2.096796198
220,1,2.083159908
220,1,2.100321953
220,2,1.658921212
220,2,1.88591166
220,2,2.01671912
220,2,2.057440488
220,2,2.075211404
220,2,2.093834905
220,2,2.101140777
220,4,1.658921212
220,4,1.88591166
220,4,2.016760893
220,4,2.081358078
220,4,2.082614402
220,4,2.08660601
220,4,2.096829872
220,10,1.658921212
220,10,1.88591166
220,10,2.016760893
220,10,2.081430465
220,10,2.111010979
220,10,2.107581375
220,10,2.090511326
258,0.1,1.922464433
258,0.1,1.668909164
258,0.1,2.085436927
258,0.1,2.180192321
258,0.1,2.160035839
258,0.1,2.185290687
258,0.1,2.186568415
258,0.25,1.657851478
258,0.25,1.866171091
258,0.25,2.033550791
258,0.25,2.132118608
258,0.25,2.16082478
258,0.25,2.168162246
258,0.25,2.170002912
258,0.5,1.65892117
258,0.5,1.867421265
258,0.5,1.980477142
258,0.5,2.108736944
258,0.5,2.153518668
258,0.5,2.165502767
258,0.5,2.168521413
258,1,1.658921212
258,1,1.885880767
258,1,1.994221437
258,1,2.072987949
258,1,2.146976884
258,1,2.170462224
258,1,2.176670624
258,2,1.658921212
258,2,2.016713571
258,2,1.88591166
258,2,2.056080112
258,2,2.110355019
258,2,2.158124811
258,2,2.173247181
258,4,1.658921212
258,4,1.88591166
258,4,2.016760893
258,4,2.081341528
258,4,2.084262609
258,4,2.125606618
258,4,2.162633646
258,10,1.658921212
258,10,1.88591166
258,10,2.016760893
258,10,2.081430465
258,10,2.111010741
258,10,2.104743295
258,10,2.120968621
296,0.1,1.668908133
296,0.1,1.92058911
296,0.1,2.092282589
296,0.1,2.176237546
296,0.1,2.198692613
296,0.1,2.204331822
296,0.1,2.205741045
296,0.25,1.657851469
296,0.25,1.865431461
296,0.25,2.044521611
296,0.25,2.157557725
296,0.25,2.189004432
296,0.25,2.196896667
296,0.25,2.198911608
296,0.5,1.65892117
296,0.5,1.867069268
296,0.5,1.985220114
296,0.5,2.13248279
296,0.5,2.183545052
296,0.5,2.197123592
296,0.5,2.200560474
296,1,1.658921212
296,1,1.885880425
296,1,1.991433551
296,1,2.082898603
296,1,2.173379429
296,1,2.200428372
296,1,2.207241502
296,2,1.658921212
296,2,1.88591166
296,2,2.016710296
296,2,2.053655959
296,2,2.128268553
296,2,2.187248529
296,2,2.20390552
296,4,1.658921212
296,4,1.88591166
296,4,2.016760893
296,4,2.081328197
296,4,2.085906412
296,4,2.146907049
296,4,2.192680592
296,10,1.658921212
296,10,1.88591166
296,10,2.016760893
296,10,2.081430465
296,10,2.11101053
296,10,2.101835527
296,10,2.136079973
334,0.1,1.668908138
334,0.1,1.920777111
334,0.1,2.108583931
334,0.1,2.221489477
334,0.1,2.255933436
334,0.1,2.264786898
334,0.1,2.267005243
334,0.25,1.657851469
334,0.25,1.865272271
334,0.25,2.201646884
334,0.25,2.056021295
334,0.25,2.249138128
334,0.25,2.261409455
334,0.25,2.264485974
334,0.5,1.65892117
334,0.5,1.866942987
334,0.5,1.988831326
334,0.5,2.170110126
334,0.5,2.242581506
334,0.5,2.261780027
334,0.5,2.266597594
334,1,1.885880333
334,1,1.658921212
334,1,1.989375896
334,1,2.10123222
334,1,2.223477776
334,1,2.259765367
334,1,2.268921621
334,2,1.658921212
334,2,1.88591166
334,2,2.016708513
334,2,2.052846952
334,2,2.159931305
334,2,2.242690902
334,2,2.264655194
334,4,1.88591166
334,4,1.658921212
334,4,2.016760893
334,4,2.090349712
334,4,2.081318372
334,4,2.187542792
334,4,2.250362814
334,10,1.658921212
334,10,1.88591166
334,10,2.016760893
334,10,2.081430465
334,10,2.111010359
334,10,2.100044024
334,10,2.168087198
372,0.1,1.668908142
372,0.1,1.920997349
372,0.1,2.122311282
372,0.1,2.259806139
372,0.1,2.312561623
372,0.1,2.301860126
372,0.1,2.315245386
372,0.25,1.657851469
372,0.25,1.865360592
372,0.25,2.063824409
372,0.25,2.238923156
372,0.25,2.295800971
372,0.25,2.310314255
372,0.25,2.313953399
372,0.5,1.65892117
372,0.5,1.866911744
372,0.5,1.989770787
372,0.5,2.285121649
372,0.5,2.200434094
372,0.5,2.307212924
372,0.5,2.312748038
372,1,1.658921212
372,1,1.885880324
372,1,1.988269536
372,1,2.116473092
372,1,2.260888529
372,1,2.301752903
372,1,2.31205974
372,2,1.88591166
372,2,1.658921212
372,4,1.88591166
372,4,2.223024518
372,2,2.283111625
372,2,2.18955279
372,2,2.30737897
372,4,1.658921212
372,2,2.016707891
372,4,2.081311912
372,2,2.051743705
372,10,1.88591166
372,10,1.658921212
372,10,2.098807016
372,4,2.016760893
372,4,2.092150054
372,4,2.292008993
372,10,2.016760893
372,10,2.081430465
372,10,2.111010217
372,10,2.201636076
